claims_count,total_claim_cost,total_covered_cost
1069,137411.49999999997,83032.685800000356